,orig,pred
0,image-stipple-28-10.png,image-poster-1-9.png
1,image-cc-6-5.png,image-con-34-8.png
2,image-poster-29-1.png,image-neg-38-4.png
3,image-jitter-1-6.png,image-cc-29-2.png
4,image-emboss-18-2.png,image-cc-29-2.png
5,image-jitter-33-3.png,image-rot-26-3.png
6,image-smooth-21-3.png,image-noise02-1-6.png
7,image-smooth-32-9.png,image-stipple-17-8.png
8,image-noise02-28-7.png,image-poster-1-9.png
9,image-con-39-8.png,image-poster-1-9.png
10,image-rot-36-9.png,image-cc-29-2.png
11,image-smooth-3-6.png,image-stipple-17-8.png
12,image-noise01-6-4.png,image-neg-38-4.png
13,image-original-26-9.png,image-neg-19-1.png
14,image-neg-39-1.png,image-con-34-8.png
15,image-cc-22-8.png,image-con-34-8.png
16,image-noise01-14-9.png,image-poster-1-9.png
17,image-noise02-28-6.png,image-poster-1-9.png
18,image-stipple-12-10.png,image-poster-1-9.png
19,image-noise01-30-8.png,image-rot-26-3.png
20,image-smooth-25-6.png,image-cc-29-2.png
21,image-con-17-3.png,image-poster-1-9.png
22,image-noise02-33-7.png,image-poster-1-9.png
23,image-cc-8-9.png,image-cc-29-2.png
24,image-neg-17-9.png,image-con-34-8.png
25,image-jitter-37-4.png,image-poster-1-9.png
26,image-noise02-31-5.png,image-poster-1-9.png
27,image-neg-33-8.png,image-con-34-8.png
28,image-smooth-17-10.png,image-neg-8-7.png
29,image-rot-21-4.png,image-smooth-22-1.png
30,image-poster-14-2.png,image-poster-1-9.png
31,image-original-31-4.png,image-con-34-8.png
32,image-poster-29-2.png,image-cc-29-2.png
33,image-smooth-40-1.png,image-smooth-22-1.png
34,image-original-37-2.png,image-poster-1-9.png
35,image-con-37-4.png,image-poster-1-9.png
36,image-noise01-8-8.png,image-neg-19-1.png
37,image-noise02-7-7.png,image-poster-1-9.png
38,image-emboss-21-5.png,image-cc-29-2.png
39,image-cc-31-1.png,image-con-34-8.png
40,image-poster-36-4.png,image-neg-19-1.png
41,image-smooth-21-1.png,image-neg-19-1.png
42,image-original-37-3.png,image-neg-38-4.png
43,image-emboss-23-6.png,image-cc-29-2.png
44,image-rot-27-3.png,image-con-34-8.png
45,image-smooth-1-6.png,image-cc-29-2.png
46,image-poster-5-9.png,image-neg-19-1.png
47,image-noise01-40-10.png,image-noise02-2-10.png
48,image-noise02-19-8.png,image-poster-1-9.png
49,image-original-19-9.png,image-neg-8-7.png
50,image-noise02-12-10.png,image-poster-1-9.png
51,image-original-15-4.png,image-smooth-22-1.png
52,image-cc-11-4.png,image-con-34-8.png
53,image-neg-17-8.png,image-con-34-8.png
54,image-emboss-4-3.png,image-cc-29-2.png
55,image-stipple-40-1.png,image-poster-1-9.png
56,image-noise02-33-6.png,image-poster-1-9.png
57,image-stipple-40-5.png,image-poster-1-9.png
58,image-poster-30-6.png,image-neg-19-1.png
59,image-rot-23-3.png,image-con-34-8.png
60,image-smooth-25-1.png,image-cc-29-2.png
61,image-poster-31-10.png,image-rot-26-3.png
62,image-stipple-21-4.png,image-poster-1-9.png
63,image-noise01-36-9.png,image-neg-38-4.png
64,image-noise01-18-3.png,image-neg-38-4.png
65,image-emboss-40-1.png,image-cc-29-2.png
66,image-stipple-7-10.png,image-poster-1-9.png
67,image-jitter-15-6.png,image-smooth-22-1.png
68,image-stipple-25-1.png,image-poster-1-9.png
69,image-smooth-21-4.png,image-noise02-1-6.png
70,image-con-35-2.png,image-poster-1-9.png
71,image-jitter-35-2.png,image-rot-26-3.png
72,image-poster-14-6.png,image-poster-1-9.png
73,image-jitter-26-8.png,image-neg-8-7.png
74,image-noise01-38-7.png,image-poster-1-9.png
75,image-emboss-6-4.png,image-cc-29-2.png
76,image-noise02-20-9.png,image-poster-1-9.png
77,image-poster-16-6.png,image-rot-26-3.png
78,image-jitter-24-8.png,image-cc-29-2.png
79,image-neg-32-10.png,image-con-34-8.png
80,image-cc-28-7.png,image-rot-26-3.png
81,image-original-17-1.png,image-noise02-1-6.png
82,image-cc-26-8.png,image-con-34-8.png
83,image-noise01-10-9.png,image-neg-38-4.png
84,image-stipple-27-1.png,image-poster-1-9.png
85,image-noise01-4-3.png,image-stipple-17-8.png
86,image-noise01-40-5.png,image-neg-38-4.png
87,image-noise02-7-1.png,image-poster-1-9.png
88,image-neg-11-9.png,image-con-34-8.png
89,image-emboss-32-9.png,image-cc-29-2.png
90,image-poster-9-3.png,image-neg-19-1.png
91,image-smooth-3-3.png,image-cc-29-2.png
92,image-poster-25-9.png,image-neg-8-7.png
93,image-poster-10-1.png,image-noise02-1-6.png
94,image-noise02-28-3.png,image-poster-1-9.png
95,image-emboss-21-2.png,image-cc-29-2.png
96,image-original-13-4.png,image-neg-38-4.png
97,image-neg-1-10.png,image-con-34-8.png
98,image-noise01-40-4.png,image-stipple-17-8.png
99,image-con-28-4.png,image-poster-1-9.png
100,image-cc-15-6.png,image-con-34-8.png
101,image-con-13-2.png,image-poster-1-9.png
102,image-rot-32-9.png,image-con-34-8.png
103,image-noise01-2-4.png,image-rot-26-3.png
104,image-original-8-2.png,image-neg-8-7.png
105,image-emboss-6-7.png,image-cc-29-2.png
106,image-con-17-6.png,image-cc-29-2.png
107,image-jitter-16-1.png,image-rot-26-3.png
108,image-noise02-25-9.png,image-poster-1-9.png
109,image-stipple-26-7.png,image-poster-1-9.png
110,image-noise02-36-3.png,image-rot-26-3.png
111,image-poster-4-8.png,image-neg-38-4.png
112,image-rot-35-8.png,image-con-34-8.png
113,image-emboss-22-7.png,image-cc-29-2.png
114,image-smooth-24-4.png,image-stipple-8-1.png
115,image-stipple-9-6.png,image-poster-1-9.png
116,image-jitter-11-10.png,image-neg-8-7.png
117,image-cc-40-10.png,image-con-34-8.png
118,image-poster-22-9.png,image-neg-19-1.png
119,image-original-5-9.png,image-neg-19-1.png
120,image-jitter-27-10.png,image-neg-8-7.png
121,image-cc-38-8.png,image-con-34-8.png
122,image-cc-5-5.png,image-smooth-22-1.png
123,image-original-30-5.png,image-noise02-1-6.png
124,image-con-14-10.png,image-poster-1-9.png
125,image-emboss-39-5.png,image-cc-29-2.png
126,image-noise02-16-7.png,image-poster-1-9.png
127,image-jitter-39-10.png,image-neg-38-4.png
128,image-neg-1-8.png,image-con-34-8.png
129,image-cc-21-9.png,image-smooth-22-1.png
130,image-rot-35-9.png,image-cc-29-2.png
131,image-noise02-4-4.png,image-poster-1-9.png
132,image-stipple-26-6.png,image-poster-1-9.png
133,image-noise01-19-7.png,image-neg-8-7.png
134,image-original-12-2.png,image-noise02-1-6.png
135,image-cc-1-1.png,image-cc-29-2.png
136,image-rot-24-1.png,image-cc-29-2.png
137,image-rot-39-6.png,image-cc-29-2.png
138,image-emboss-3-7.png,image-cc-29-2.png
139,image-rot-24-3.png,image-noise02-1-6.png
140,image-noise02-29-7.png,image-poster-1-9.png
141,image-original-34-3.png,image-rot-26-3.png
142,image-con-1-9.png,image-neg-38-4.png
143,image-rot-13-8.png,image-cc-29-2.png
144,image-original-36-1.png,image-cc-29-2.png
145,image-smooth-19-7.png,image-stipple-17-8.png
146,image-original-16-4.png,image-noise02-1-6.png
147,image-emboss-24-2.png,image-cc-29-2.png
148,image-emboss-37-8.png,image-cc-29-2.png
149,image-original-9-6.png,image-neg-38-4.png
150,image-con-16-2.png,image-neg-38-4.png
151,image-rot-22-5.png,image-rot-26-3.png
152,image-cc-36-5.png,image-con-34-8.png
153,image-neg-12-10.png,image-con-34-8.png
154,image-rot-22-4.png,image-stipple-17-8.png
155,image-poster-4-10.png,image-neg-8-7.png
156,image-stipple-22-1.png,image-poster-1-9.png
157,image-emboss-24-3.png,image-cc-29-2.png
158,image-con-2-10.png,image-poster-1-9.png
159,image-con-32-2.png,image-poster-1-9.png
160,image-noise01-31-8.png,image-stipple-17-8.png
161,image-con-12-7.png,image-poster-1-9.png
162,image-jitter-40-9.png,image-stipple-13-9.png
163,image-original-29-7.png,image-neg-38-4.png
164,image-poster-6-8.png,image-noise02-1-6.png
165,image-jitter-2-5.png,image-con-34-8.png
166,image-original-29-3.png,image-neg-38-4.png
167,image-con-10-1.png,image-neg-8-7.png
168,image-jitter-18-8.png,image-noise02-1-6.png
169,image-jitter-30-4.png,image-noise02-1-6.png
170,image-smooth-19-2.png,image-neg-19-1.png
171,image-emboss-39-2.png,image-cc-29-2.png
172,image-con-32-6.png,image-poster-1-9.png
173,image-original-23-8.png,image-cc-29-2.png
174,image-original-9-3.png,image-neg-19-1.png
175,image-cc-27-8.png,image-rot-26-3.png
176,image-poster-17-6.png,image-neg-19-1.png
177,image-smooth-4-4.png,image-neg-19-1.png
178,image-jitter-4-6.png,image-neg-38-4.png
179,image-cc-34-3.png,image-con-34-8.png
180,image-cc-5-3.png,image-con-34-8.png
181,image-con-14-4.png,image-poster-1-9.png
182,image-jitter-6-4.png,image-neg-38-4.png
183,image-poster-2-9.png,image-rot-26-3.png
184,image-rot-7-8.png,image-cc-29-2.png
185,image-jitter-18-9.png,image-noise02-1-6.png
186,image-emboss-3-3.png,image-cc-29-2.png
187,image-emboss-15-9.png,image-cc-29-2.png
188,image-rot-24-5.png,image-cc-29-2.png
189,image-cc-30-5.png,image-con-34-8.png
190,image-emboss-3-10.png,image-cc-29-2.png
191,image-con-34-3.png,image-poster-1-9.png
192,image-noise02-36-6.png,image-rot-26-3.png
193,image-con-27-9.png,image-poster-1-9.png
194,image-poster-13-1.png,image-noise02-1-6.png
195,image-con-32-10.png,image-neg-8-7.png
196,image-noise01-3-6.png,image-neg-38-4.png
197,image-smooth-39-4.png,image-neg-19-1.png
198,image-original-16-2.png,image-neg-38-4.png
199,image-noise02-21-8.png,image-rot-26-3.png
200,image-poster-17-5.png,image-neg-38-4.png
201,image-jitter-36-1.png,image-cc-29-2.png
202,image-cc-7-2.png,image-con-34-8.png
203,image-poster-37-10.png,image-noise02-1-6.png
204,image-original-2-10.png,image-neg-19-1.png
205,image-neg-40-7.png,image-rot-6-8.png
206,image-jitter-8-8.png,image-neg-8-7.png
207,image-smooth-39-5.png,image-cc-29-2.png
208,image-jitter-6-7.png,image-cc-29-2.png
209,image-con-32-4.png,image-neg-19-1.png
210,image-smooth-11-9.png,image-cc-29-2.png
211,image-poster-35-3.png,image-noise02-1-6.png
212,image-jitter-14-7.png,image-noise02-1-6.png
213,image-con-29-7.png,image-noise02-18-10.png
214,image-emboss-31-9.png,image-cc-29-2.png
215,image-con-12-1.png,image-neg-38-4.png
216,image-poster-28-6.png,image-neg-8-7.png
217,image-rot-28-9.png,image-rot-26-3.png
218,image-emboss-19-5.png,image-cc-29-2.png
219,image-emboss-1-2.png,image-cc-29-2.png
220,image-original-29-1.png,image-neg-38-4.png
221,image-jitter-18-7.png,image-neg-19-1.png
222,image-smooth-32-10.png,image-stipple-17-8.png
223,image-poster-4-1.png,image-noise02-1-6.png
224,image-original-1-5.png,image-neg-19-1.png
225,image-noise02-10-9.png,image-noise02-1-6.png
226,image-stipple-35-4.png,image-poster-1-9.png
227,image-rot-5-4.png,image-con-34-8.png
228,image-original-7-3.png,image-neg-19-1.png
229,image-noise01-22-10.png,image-poster-1-9.png
230,image-con-5-7.png,image-noise02-1-6.png
231,image-smooth-8-10.png,image-neg-8-7.png
232,image-jitter-25-7.png,image-neg-19-1.png
233,image-noise01-35-6.png,image-poster-1-9.png
234,image-rot-31-4.png,image-con-34-8.png
235,image-jitter-8-4.png,image-poster-1-9.png
236,image-neg-12-5.png,image-con-34-8.png
237,image-jitter-32-10.png,image-stipple-17-8.png
238,image-cc-30-8.png,image-con-34-8.png
239,image-rot-11-1.png,image-smooth-22-1.png
240,image-stipple-39-8.png,image-poster-1-9.png
241,image-original-34-8.png,image-rot-26-3.png
242,image-noise02-29-10.png,image-poster-1-9.png
243,image-poster-32-10.png,image-stipple-17-8.png
244,image-cc-18-4.png,image-con-34-8.png
245,image-rot-6-10.png,image-smooth-22-1.png
246,image-neg-10-7.png,image-con-34-8.png
247,image-neg-36-4.png,image-con-34-8.png
248,image-noise01-9-2.png,image-poster-1-9.png
249,image-smooth-15-3.png,image-smooth-22-1.png
250,image-noise02-27-1.png,image-poster-1-9.png
251,image-cc-18-6.png,image-con-34-8.png
252,image-stipple-13-10.png,image-poster-1-9.png
253,image-noise01-33-2.png,image-poster-1-9.png
254,image-stipple-1-5.png,image-poster-1-9.png
255,image-smooth-17-1.png,image-noise02-1-6.png
256,image-neg-34-4.png,image-con-34-8.png
257,image-emboss-17-4.png,image-cc-29-2.png
258,image-original-36-8.png,image-neg-19-1.png
259,image-original-18-2.png,image-cc-29-2.png
260,image-smooth-8-4.png,image-neg-8-7.png
261,image-jitter-29-9.png,image-neg-38-4.png
262,image-neg-7-5.png,image-con-34-8.png
263,image-smooth-28-3.png,image-neg-19-1.png
264,image-con-7-6.png,image-stipple-17-8.png
265,image-rot-17-5.png,image-neg-8-7.png
266,image-smooth-4-8.png,image-stipple-17-8.png
267,image-poster-31-8.png,image-noise02-1-6.png
268,image-original-21-7.png,image-neg-38-4.png
269,image-jitter-27-7.png,image-cc-29-2.png
270,image-neg-7-4.png,image-con-34-8.png
271,image-con-5-5.png,image-neg-19-1.png
272,image-stipple-29-10.png,image-poster-1-9.png
273,image-con-21-1.png,image-poster-1-9.png
274,image-neg-1-2.png,image-con-34-8.png
275,image-noise02-38-7.png,image-poster-1-9.png
276,image-neg-34-5.png,image-con-34-8.png
277,image-smooth-31-3.png,image-smooth-22-1.png
278,image-neg-25-9.png,image-con-34-8.png
279,image-poster-6-5.png,image-cc-29-2.png
280,image-noise01-33-7.png,image-rot-26-3.png
281,image-jitter-40-4.png,image-neg-38-4.png
282,image-con-1-5.png,image-neg-8-7.png
283,image-neg-17-10.png,image-con-34-8.png
284,image-noise01-7-8.png,image-noise02-1-6.png
285,image-rot-28-2.png,image-rot-26-3.png
286,image-neg-1-6.png,image-con-34-8.png
287,image-emboss-22-8.png,image-cc-29-2.png
288,image-noise02-40-3.png,image-poster-1-9.png
289,image-original-24-10.png,image-neg-8-7.png
290,image-emboss-11-7.png,image-cc-29-2.png
291,image-stipple-31-6.png,image-poster-1-9.png
292,image-noise01-28-4.png,image-poster-1-9.png
293,image-smooth-26-9.png,image-neg-19-1.png
294,image-rot-31-3.png,image-con-34-8.png
295,image-emboss-35-6.png,image-cc-29-2.png
296,image-rot-40-10.png,image-cc-29-2.png
297,image-con-7-3.png,image-neg-38-4.png
298,image-neg-18-8.png,image-con-34-8.png
299,image-rot-22-8.png,image-rot-26-3.png
300,image-original-5-6.png,image-neg-19-1.png
301,image-jitter-38-5.png,image-neg-19-1.png
302,image-cc-12-9.png,image-con-34-8.png
303,image-neg-14-5.png,image-con-34-8.png
304,image-emboss-31-3.png,image-smooth-22-1.png
305,image-poster-35-9.png,image-neg-38-4.png
306,image-cc-21-6.png,image-smooth-22-1.png
307,image-rot-28-3.png,image-neg-8-7.png
308,image-emboss-33-1.png,image-cc-29-2.png
309,image-noise01-33-6.png,image-rot-26-3.png
310,image-rot-37-4.png,image-poster-1-9.png
311,image-noise01-9-6.png,image-stipple-17-8.png
312,image-neg-10-1.png,image-con-34-8.png
313,image-noise02-27-5.png,image-poster-1-9.png
314,image-rot-39-9.png,image-con-34-8.png
315,image-smooth-15-5.png,image-neg-19-1.png
316,image-jitter-23-4.png,image-noise02-1-6.png
317,image-con-38-7.png,image-poster-1-9.png
318,image-con-39-10.png,image-poster-1-9.png
319,image-neg-12-1.png,image-con-34-8.png
320,image-con-3-4.png,image-noise01-4-5.png
321,image-original-7-6.png,image-neg-38-4.png
322,image-smooth-11-1.png,image-cc-29-2.png
323,image-noise02-18-5.png,image-poster-1-9.png
324,image-jitter-18-10.png,image-neg-38-4.png
325,image-emboss-9-3.png,image-cc-29-2.png
326,image-original-30-8.png,image-neg-19-1.png
327,image-noise01-32-10.png,image-neg-8-7.png
328,image-neg-30-6.png,image-con-34-8.png
329,image-neg-5-1.png,image-con-34-8.png
330,image-emboss-35-5.png,image-cc-29-2.png
331,image-emboss-35-4.png,image-cc-29-2.png
332,image-con-7-1.png,image-poster-1-9.png
333,image-jitter-25-3.png,image-cc-29-2.png
334,image-rot-1-4.png,image-cc-29-2.png
335,image-neg-30-7.png,image-con-34-8.png
336,image-neg-16-4.png,image-con-34-8.png
337,image-poster-19-2.png,image-neg-19-1.png
338,image-noise02-38-1.png,image-stipple-17-8.png
339,image-stipple-1-2.png,image-poster-1-9.png
340,image-poster-4-5.png,image-neg-8-7.png
341,image-poster-22-10.png,image-poster-1-9.png
342,image-noise01-16-10.png,image-neg-38-4.png
343,image-stipple-6-10.png,image-poster-1-9.png
344,image-noise01-9-5.png,image-noise02-1-6.png
345,image-original-9-10.png,image-noise02-1-6.png
346,image-poster-39-7.png,image-poster-1-9.png
347,image-stipple-11-1.png,image-poster-1-9.png
348,image-con-25-3.png,image-poster-1-9.png
349,image-rot-39-8.png,image-con-34-8.png
350,image-cc-8-3.png,image-cc-29-2.png
351,image-poster-1-6.png,image-cc-29-2.png
352,image-smooth-34-6.png,image-smooth-22-1.png
353,image-poster-18-5.png,image-noise02-1-6.png
354,image-emboss-34-3.png,image-cc-29-2.png
355,image-con-6-6.png,image-neg-38-4.png
356,image-original-20-6.png,image-neg-38-4.png
357,image-stipple-6-3.png,image-poster-1-9.png
358,image-smooth-9-4.png,image-noise02-1-6.png
359,image-emboss-10-2.png,image-cc-29-2.png
360,image-rot-14-7.png,image-con-34-8.png
361,image-poster-14-8.png,image-neg-19-1.png
362,image-rot-2-1.png,image-con-34-8.png
363,image-poster-5-2.png,image-neg-19-1.png
364,image-smooth-16-1.png,image-smooth-22-1.png
365,image-rot-11-10.png,image-con-34-8.png
366,image-noise02-39-6.png,image-poster-1-9.png
367,image-jitter-15-9.png,image-neg-19-1.png
368,image-rot-12-1.png,image-cc-29-2.png
369,image-cc-17-9.png,image-con-34-8.png
370,image-neg-2-1.png,image-con-34-8.png
371,image-original-20-10.png,image-neg-8-7.png
372,image-poster-25-4.png,image-cc-29-2.png
373,image-noise02-9-3.png,image-poster-1-9.png
374,image-smooth-14-2.png,image-cc-29-2.png
375,image-poster-7-1.png,image-neg-19-1.png
376,image-smooth-32-1.png,image-smooth-22-1.png
377,image-stipple-15-10.png,image-poster-1-9.png
378,image-emboss-16-5.png,image-con-34-8.png
379,image-noise02-19-2.png,image-poster-1-9.png
380,image-emboss-8-4.png,image-cc-29-2.png
381,image-smooth-36-5.png,image-cc-29-2.png
382,image-smooth-5-8.png,image-noise02-1-6.png
383,image-emboss-34-2.png,image-cc-29-2.png
384,image-neg-31-3.png,image-con-34-8.png
385,image-stipple-16-3.png,image-poster-1-9.png
386,image-con-17-8.png,image-noise01-4-5.png
387,image-smooth-36-7.png,image-cc-29-2.png
388,image-con-20-3.png,image-poster-1-9.png
389,image-emboss-25-8.png,image-cc-29-2.png
390,image-smooth-38-8.png,image-smooth-22-1.png
391,image-cc-26-7.png,image-con-34-8.png
392,image-stipple-2-10.png,image-poster-1-9.png
393,image-neg-37-5.png,image-con-34-8.png
394,image-noise01-14-2.png,image-poster-1-9.png
395,image-cc-31-9.png,image-con-34-8.png
396,image-cc-22-2.png,image-con-34-8.png
397,image-stipple-38-8.png,image-poster-1-9.png
398,image-neg-2-3.png,image-con-34-8.png
399,image-original-35-8.png,image-noise02-1-6.png
400,image-con-24-6.png,image-neg-19-1.png
401,image-neg-11-7.png,image-con-34-8.png
402,image-neg-37-4.png,image-con-34-8.png
403,image-rot-12-3.png,image-poster-1-9.png
404,image-noise01-16-1.png,image-rot-26-3.png
405,image-smooth-34-10.png,image-smooth-22-1.png
406,image-smooth-16-3.png,image-stipple-17-8.png
407,image-neg-35-6.png,image-con-34-8.png
408,image-jitter-26-4.png,image-neg-8-7.png
409,image-smooth-38-9.png,image-cc-29-2.png
410,image-noise02-22-7.png,image-poster-1-9.png
411,image-stipple-32-3.png,image-poster-1-9.png
412,image-con-33-8.png,image-poster-1-9.png
413,image-con-23-10.png,image-neg-38-4.png
414,image-cc-22-10.png,image-con-34-8.png
415,image-original-20-4.png,image-neg-38-4.png
416,image-con-17-9.png,image-cc-29-2.png
417,image-noise01-29-3.png,image-stipple-17-8.png
418,image-jitter-39-7.png,image-neg-8-7.png
419,image-stipple-4-7.png,image-poster-1-9.png
420,image-cc-8-5.png,image-cc-29-2.png
421,image-jitter-37-8.png,image-poster-1-9.png
422,image-poster-40-6.png,image-neg-19-1.png
423,image-noise01-27-8.png,image-poster-1-9.png
424,image-smooth-29-5.png,image-stipple-17-8.png
425,image-neg-33-4.png,image-con-34-8.png
426,image-jitter-13-9.png,image-noise02-1-6.png
427,image-original-22-2.png,image-neg-19-1.png
428,image-stipple-29-4.png,image-poster-1-9.png
429,image-jitter-19-2.png,image-neg-19-1.png
430,image-original-28-9.png,image-cc-29-2.png
431,image-neg-2-7.png,image-con-34-8.png
432,image-emboss-22-10.png,image-cc-29-2.png
433,image-con-39-6.png,image-poster-1-9.png
434,image-neg-11-2.png,image-con-34-8.png
435,image-smooth-32-7.png,image-smooth-22-1.png
436,image-stipple-36-2.png,image-poster-1-9.png
437,image-con-2-5.png,image-poster-1-9.png
438,image-emboss-40-9.png,image-cc-29-2.png
439,image-rot-12-6.png,image-cc-29-2.png
440,image-jitter-1-8.png,image-stipple-17-8.png
441,image-original-6-7.png,image-cc-29-2.png
442,image-rot-40-8.png,image-con-34-8.png
443,image-cc-24-1.png,image-cc-29-2.png
444,image-neg-17-4.png,image-con-34-8.png
445,image-con-33-10.png,image-poster-1-9.png
446,image-stipple-16-5.png,image-poster-1-9.png
447,image-jitter-39-4.png,image-neg-38-4.png
448,image-con-22-7.png,image-poster-1-9.png
449,image-poster-1-3.png,image-neg-38-4.png
450,image-noise01-34-1.png,image-poster-1-9.png
451,image-noise02-17-9.png,image-rot-26-3.png
452,image-smooth-10-2.png,image-neg-8-7.png
453,image-neg-33-7.png,image-con-34-8.png
454,image-noise01-25-9.png,image-poster-1-9.png
455,image-rot-29-2.png,image-cc-29-2.png
456,image-con-35-9.png,image-cc-29-2.png
457,image-neg-13-2.png,image-con-34-8.png
458,image-noise01-8-7.png,image-poster-1-9.png
459,image-neg-24-9.png,image-con-34-8.png
460,image-emboss-32-1.png,image-cc-29-2.png
461,image-noise02-9-6.png,image-rot-26-3.png
462,image-con-39-5.png,image-poster-1-9.png
463,image-rot-10-7.png,image-cc-29-2.png
464,image-rot-36-4.png,image-neg-19-1.png
465,image-noise01-8-6.png,image-neg-8-7.png
466,image-stipple-10-2.png,image-poster-1-9.png
467,image-con-2-6.png,image-poster-1-9.png
468,image-rot-14-3.png,image-con-34-8.png
469,image-jitter-26-2.png,image-noise02-1-6.png
470,image-noise02-19-7.png,image-poster-1-9.png
471,image-cc-24-2.png,image-cc-29-2.png
472,image-jitter-11-9.png,image-poster-1-9.png
473,image-original-4-6.png,image-neg-38-4.png
474,image-poster-1-2.png,image-cc-29-2.png
475,image-neg-31-4.png,image-con-34-8.png
476,image-noise02-33-9.png,image-poster-1-9.png
