,image_name,labels
0,image-stipple-40-3.png,stipple
1,image-stipple-16-9.png,stipple
2,image-jitter-8-10.png,stipple
3,image-rot-40-6.png,rot
4,image-noise01-27-7.png,noise02
5,image-stipple-32-8.png,stipple
6,image-con-33-3.png,neg
7,image-con-20-9.png,cc
8,image-stipple-21-2.png,stipple
9,image-smooth-25-7.png,smooth
10,image-cc-13-4.png,cc
11,image-original-31-7.png,neg
12,image-poster-29-1.png,stipple
13,image-con-35-5.png,con
14,image-emboss-18-2.png,emboss
15,image-noise02-5-6.png,stipple
16,image-smooth-40-2.png,smooth
17,image-poster-34-4.png,stipple
18,image-rot-27-1.png,rot
19,image-noise01-30-9.png,noise02
20,image-poster-12-7.png,con
21,image-jitter-33-3.png,noise02
22,image-noise01-4-6.png,rot
23,image-emboss-23-4.png,emboss
24,image-rot-8-3.png,rot
25,image-con-11-4.png,con
26,image-poster-38-9.png,stipple
27,image-jitter-4-10.png,stipple
28,image-con-37-7.png,con
29,image-poster-7-9.png,stipple
30,image-original-28-6.png,cc
31,image-smooth-32-9.png,smooth
32,image-neg-24-5.png,emboss
33,image-neg-2-8.png,cc
34,image-cc-22-9.png,neg
35,image-smooth-3-6.png,smooth
36,image-neg-2-9.png,cc
37,image-jitter-17-3.png,noise02
38,image-poster-38-8.png,stipple
39,image-rot-20-10.png,rot
40,image-con-11-5.png,con
41,image-emboss-23-5.png,emboss
42,image-smooth-1-5.png,smooth
43,image-jitter-33-2.png,stipple
44,image-poster-12-6.png,con
45,image-smooth-40-3.png,smooth
46,image-emboss-18-3.png,emboss
47,image-smooth-38-3.png,smooth
48,image-cc-4-6.png,neg
49,image-neg-15-9.png,neg
50,image-original-6-8.png,neg
51,image-noise02-17-4.png,stipple
52,image-jitter-28-1.png,stipple
53,image-neg-3-10.png,neg
54,image-noise01-27-6.png,noise02
55,image-rot-23-4.png,rot
56,image-jitter-37-6.png,noise02
57,image-con-8-1.png,con
58,image-smooth-27-4.png,smooth
59,image-jitter-5-3.png,stipple
60,image-noise01-29-9.png,rot
61,image-con-22-8.png,smooth
62,image-poster-21-10.png,stipple
63,image-smooth-27-6.png,smooth
64,image-rot-23-6.png,rot
65,image-stipple-18-5.png,stipple
66,image-noise01-38-3.png,noise02
67,image-neg-33-8.png,neg
68,image-noise02-24-10.png,stipple
69,image-smooth-17-10.png,neg
70,image-stipple-6-9.png,stipple
71,image-rot-21-4.png,rot
72,image-smooth-7-1.png,smooth
73,image-stipple-8-6.png,stipple
74,image-emboss-39-10.png,emboss
75,image-poster-29-2.png,stipple
76,image-rot-34-8.png,rot
77,image-cc-15-1.png,cc
78,image-smooth-1-7.png,smooth
79,image-noise01-16-9.png,noise02
80,image-rot-27-2.png,rot
81,image-jitter-15-3.png,noise02
82,image-original-24-8.png,emboss
83,image-noise01-4-5.png,noise02
84,image-con-37-4.png,con
85,image-noise01-32-8.png,noise02
86,image-poster-10-6.png,con
87,image-rot-10-9.png,rot
88,image-neg-39-3.png,smooth
89,image-noise02-9-9.png,noise02
90,image-poster-9-4.png,poster
91,image-original-13-2.png,cc
92,image-noise02-28-5.png,noise02
93,image-emboss-2-5.png,emboss
94,image-con-11-6.png,con
95,image-rot-8-1.png,rot
96,image-smooth-33-10.png,smooth
97,image-jitter-15-2.png,stipple
98,image-rot-27-3.png,rot
99,image-jitter-33-1.png,noise02
100,image-poster-12-5.png,poster
101,image-stipple-29-9.png,stipple
102,image-neg-26-5.png,con
103,image-noise02-37-2.png,noise02
104,image-jitter-13-4.png,stipple
105,image-neg-20-3.png,cc
106,image-noise01-38-2.png,noise02
107,image-cc-6-7.png,cc
108,image-cc-25-10.png,emboss
109,image-smooth-21-10.png,smooth
110,image-rot-40-4.png,rot
111,image-smooth-5-2.png,smooth
112,image-smooth-27-7.png,smooth
113,image-cc-8-10.png,con
114,image-con-8-2.png,con
115,image-noise02-15-5.png,noise02
116,image-con-22-9.png,smooth
117,image-stipple-23-2.png,stipple
118,image-noise02-33-6.png,stipple
119,image-poster-1-9.png,stipple
120,image-jitter-5-4.png,noise02
121,image-emboss-27-6.png,emboss
122,image-con-6-9.png,con
123,image-jitter-11-2.png,stipple
124,image-smooth-10-8.png,smooth
125,image-noise02-3-6.png,stipple
126,image-poster-31-10.png,stipple
127,image-noise01-2-6.png,noise02
128,image-jitter-9-9.png,emboss
129,image-cc-13-2.png,cc
130,image-jitter-23-10.png,jitter
131,image-noise01-18-3.png,noise02
132,image-stipple-34-8.png,stipple
133,image-con-35-3.png,con
134,image-original-37-7.png,neg
135,image-poster-40-10.png,stipple
136,image-noise01-40-6.png,noise02
137,image-poster-34-2.png,stipple
138,image-stipple-2-8.png,stipple
139,image-original-13-6.png,cc
140,image-neg-39-6.png,neg
141,image-emboss-14-9.png,emboss
142,image-cc-31-5.png,cc
143,image-noise01-21-6.png,noise02
144,image-jitter-17-5.png,stipple
145,image-neg-39-7.png,neg
146,image-stipple-25-1.png,stipple
147,image-noise01-21-10.png,noise02
148,image-noise02-13-6.png,stipple
149,image-poster-27-9.png,poster
150,image-con-26-8.png,con
151,image-jitter-1-1.png,emboss
152,image-jitter-35-2.png,stipple
153,image-poster-32-5.png,stipple
154,image-rot-14-9.png,rot
155,image-jitter-9-8.png,noise02
156,image-neg-8-4.png,con
157,image-cc-28-5.png,cc
158,image-noise02-31-1.png,noise02
159,image-smooth-10-9.png,smooth
160,image-rot-30-8.png,rot
161,image-cc-24-8.png,emboss
162,image-rot-40-1.png,rot
163,image-stipple-18-1.png,stipple
164,image-noise02-20-9.png,stipple
165,image-stipple-23-7.png,stipple
166,image-noise02-33-3.png,stipple
167,image-smooth-34-8.png,smooth
168,image-emboss-29-8.png,emboss
169,image-emboss-4-6.png,emboss
170,image-stipple-26-10.png,stipple
171,image-smooth-12-9.png,smooth
172,image-rot-18-6.png,rot
173,image-con-31-4.png,cc
174,image-stipple-40-6.png,stipple
175,image-poster-16-6.png,stipple
176,image-poster-3-8.png,stipple
177,image-emboss-6-6.png,emboss
178,image-smooth-25-2.png,smooth
179,image-stipple-21-7.png,stipple
180,image-noise01-38-5.png,noise02
181,image-smooth-7-7.png,smooth
182,image-noise02-5-3.png,noise02
183,image-smooth-40-7.png,smooth
184,image-rot-27-4.png,rot
185,image-noise02-7-1.png,stipple
186,image-neg-20-10.png,neg
187,image-jitter-3-1.png,noise02
188,image-con-6-10.png,con
189,image-jitter-31-4.png,noise02
190,image-rot-6-8.png,rot
191,image-poster-25-8.png,stipple
192,image-rot-25-7.png,rot
193,image-jitter-17-6.png,noise02
194,image-jitter-33-7.png,stipple
195,image-noise01-23-7.png,noise02
196,image-rot-30-10.png,rot
197,image-stipple-12-9.png,stipple
198,image-noise02-37-4.png,noise02
199,image-poster-29-5.png,stipple
200,image-smooth-40-6.png,smooth
201,image-noise01-10-8.png,noise02
202,image-jitter-35-1.png,stipple
203,image-stipple-8-1.png,stipple
204,image-con-4-9.png,cc
205,image-emboss-25-6.png,emboss
206,image-stipple-10-10.png,stipple
207,image-cc-28-6.png,cc
208,image-jitter-28-4.png,noise02
209,image-noise02-17-1.png,noise02
210,image-neg-8-7.png,smooth
211,image-noise02-3-4.png,rot
212,image-poster-30-4.png,poster
213,image-original-25-10.png,smooth
214,image-noise01-27-3.png,noise02
215,image-stipple-18-2.png,stipple
216,image-neg-19-1.png,con
217,image-cc-6-1.png,cc
218,image-rot-18-7.png,rot
219,image-noise02-1-6.png,stipple
220,image-noise01-9-8.png,noise02
221,image-original-29-5.png,neg
222,image-noise01-33-8.png,noise02
223,image-rot-11-9.png,rot
224,image-original-12-3.png,neg
225,image-neg-38-3.png,neg
226,image-noise01-19-6.png,noise02
227,image-noise02-25-9.png,stipple
228,image-poster-28-2.png,poster
229,image-noise02-4-5.png,stipple
230,image-stipple-28-8.png,stipple
231,image-rot-35-8.png,rot
232,image-con-29-3.png,smooth
233,image-noise02-18-10.png,stipple
234,image-original-36-2.png,con
235,image-noise02-30-5.png,rot
236,image-cc-34-4.png,cc
237,image-cc-12-7.png,cc
238,image-original-30-4.png,neg
239,image-emboss-24-1.png,emboss
240,image-original-16-7.png,con
241,image-stipple-31-9.png,stipple
242,image-cc-9-9.png,con
243,image-noise01-26-4.png,noise02
244,image-smooth-39-10.png,smooth
245,image-cc-10-5.png,con
246,image-stipple-19-5.png,stipple
247,image-original-32-6.png,smooth
248,image-emboss-26-2.png,emboss
249,image-stipple-3-10.png,stipple
250,image-poster-17-1.png,stipple
251,image-stipple-19-4.png,stipple
252,image-cc-36-7.png,cc
253,image-con-30-3.png,con
254,image-noise02-32-6.png,stipple
255,image-original-16-6.png,emboss
256,image-poster-15-3.png,con
257,image-stipple-7-8.png,stipple
258,image-con-32-1.png,con
259,image-con-14-2.png,con
260,image-stipple-15-9.png,stipple
261,image-original-36-3.png,con
262,image-cc-3-3.png,cc
263,image-poster-35-6.png,stipple
264,image-rot-26-3.png,rot
265,image-con-18-10.png,con
266,image-cc-21-9.png,cc
267,image-jitter-35-10.png,stipple
268,image-noise02-30-10.png,noise02
269,image-smooth-31-9.png,smooth
270,image-original-12-2.png,con
271,image-cc-1-1.png,con
272,image-noise02-8-9.png,stipple
273,image-emboss-33-10.png,emboss
274,image-cc-30-1.png,cc
275,image-rot-11-8.png,rot
276,image-noise01-33-9.png,noise02
277,image-smooth-2-4.png,rot
278,image-smooth-20-1.png,smooth
279,image-smooth-15-8.png,smooth
280,image-rot-9-1.png,rot
281,image-stipple-24-4.png,stipple
282,image-con-10-4.png,con
283,image-original-29-6.png,neg
284,image-poster-6-9.png,stipple
285,image-smooth-33-9.png,smooth
286,image-noise01-20-1.png,noise02
287,image-noise02-29-7.png,stipple
288,image-emboss-20-6.png,emboss
289,image-original-27-9.png,neg
290,image-noise01-19-5.png,noise02
291,image-noise02-4-6.png,stipple
292,image-smooth-22-1.png,smooth
293,image-cc-32-1.png,neg
294,image-jitter-21-9.png,stipple
295,image-emboss-22-4.png,emboss
296,image-stipple-33-8.png,stipple
297,image-noise02-16-5.png,noise02
298,image-cc-29-2.png,cc
299,image-con-21-9.png,con
300,image-jitter-34-5.png,stipple
301,image-rot-3-8.png,rot
302,image-original-30-7.png,neg
303,image-con-40-8.png,con
304,image-noise01-28-8.png,noise02
305,image-jitter-4-2.png,noise02
306,image-neg-23-3.png,con
307,image-neg-30-9.png,neg
308,image-stipple-19-6.png,stipple
309,image-cc-10-6.png,con
310,image-original-32-5.png,con
311,image-poster-17-2.png,stipple
312,image-neg-40-1.png,neg
313,image-con-9-1.png,con
314,image-stipple-17-8.png,stipple
315,image-noise02-32-5.png,stipple
316,image-con-40-9.png,con
317,image-rot-19-2.png,rot
318,image-stipple-9-4.png,stipple
319,image-noise01-3-1.png,noise02
320,image-original-9-7.png,con
321,image-cc-5-6.png,cc
322,image-con-2-10.png,con
323,image-jitter-34-4.png,stipple
324,image-neg-14-9.png,cc
325,image-emboss-39-6.png,emboss
326,image-noise01-39-1.png,noise02
327,image-noise02-16-4.png,stipple
328,image-neg-9-2.png,con
329,image-neg-29-9.png,rot
330,image-noise01-31-8.png,noise02
331,image-smooth-17-9.png,smooth
332,image-emboss-1-4.png,emboss
333,image-noise02-36-1.png,stipple
334,image-stipple-26-5.png,stipple
335,image-neg-38-1.png,neg
336,image-cc-23-8.png,rot
337,image-rot-10-10.png,rot
338,image-noise02-29-6.png,stipple
339,image-neg-25-4.png,smooth
340,image-emboss-3-6.png,emboss
341,image-original-29-7.png,neg
342,image-con-36-6.png,con
343,image-jitter-2-5.png,stipple
344,image-rot-39-7.png,rot
345,image-noise02-6-1.png,stipple
346,image-noise02-12-4.png,noise02
347,image-noise01-7-1.png,noise02
348,image-original-12-5.png,con
349,image-emboss-20-3.png,emboss
350,image-rot-24-6.png,rot
351,image-poster-37-3.png,stipple
352,image-jitter-16-7.png,emboss
353,image-smooth-22-4.png,smooth
354,image-rot-28-10.png,rot
355,image-neg-34-8.png,cc
356,image-poster-28-4.png,cc
357,image-noise02-36-5.png,rot
358,image-emboss-22-1.png,emboss
359,image-original-10-7.png,con
360,image-poster-2-8.png,stipple
361,image-emboss-24-7.png,emboss
362,image-original-16-1.png,con
363,image-original-30-2.png,neg
364,image-smooth-39-7.png,smooth
365,image-original-23-10.png,con
366,image-con-9-5.png,con
367,image-stipple-22-5.png,stipple
368,image-noise01-1-7.png,noise02
369,image-stipple-16-10.png,stipple
370,image-noise01-26-2.png,noise02
371,image-rot-17-9.png,rot
372,image-jitter-25-9.png,emboss
373,image-poster-31-4.png,stipple
374,image-cc-10-2.png,emboss
375,image-noise01-35-9.png,noise02
376,image-smooth-4-4.png,smooth
377,image-noise01-1-6.png,noise02
378,image-original-14-2.png,cc
379,image-original-15-10.png,neg
380,image-poster-19-8.png,stipple
381,image-jitter-4-6.png,stipple
382,image-emboss-5-5.png,emboss
383,image-smooth-13-8.png,smooth
384,image-cc-34-3.png,cc
385,image-noise01-24-1.png,noise02
386,image-noise01-11-8.png,noise02
387,image-original-9-2.png,con
388,image-stipple-9-1.png,stipple
389,image-con-14-4.png,con
390,image-smooth-8-9.png,smooth
391,image-jitter-29-4.png,stipple
392,image-emboss-7-7.png,emboss
393,image-neg-21-5.png,neg
394,image-smooth-37-9.png,smooth
395,image-jitter-32-7.png,stipple
396,image-rot-26-5.png,rot
397,image-noise01-22-7.png,noise02
398,image-emboss-17-9.png,emboss
399,image-smooth-19-3.png,smooth
400,image-original-10-6.png,con
401,image-stipple-13-9.png,stipple
402,image-stipple-1-8.png,stipple
403,image-neg-27-3.png,cc
404,image-emboss-1-1.png,emboss
405,image-emboss-19-6.png,emboss
406,image-cc-16-4.png,emboss
407,image-poster-24-8.png,stipple
408,image-jitter-30-5.png,noise02
409,image-stipple-39-7.png,stipple
410,image-neg-38-4.png,neg
411,image-poster-8-2.png,con
412,image-emboss-33-8.png,emboss
413,image-stipple-37-8.png,stipple
414,image-rot-9-7.png,rot
415,image-rot-39-2.png,rot
416,image-original-29-2.png,neg
417,image-smooth-20-5.png,smooth
418,image-emboss-15-10.png,emboss
419,image-emboss-15-9.png,emboss
420,image-poster-13-10.png,poster
421,image-original-1-9.png,emboss
422,image-emboss-19-4.png,emboss
423,image-con-34-3.png,cc
424,image-noise01-19-3.png,noise02
425,image-emboss-22-2.png,emboss
426,image-con-29-6.png,con
427,image-rot-5-8.png,rot
428,image-noise02-38-9.png,rot
429,image-jitter-6-6.png,noise02
430,image-original-40-8.png,neg
431,image-rot-15-8.png,rot
432,image-cc-34-1.png,emboss
433,image-jitter-27-9.png,stipple
434,image-rot-20-1.png,rot
435,image-poster-15-7.png,stipple
436,image-neg-40-6.png,neg
437,image-emboss-28-9.png,emboss
438,image-con-9-6.png,con
439,image-original-32-3.png,con
440,image-smooth-37-10.png,smooth
441,image-cc-36-3.png,cc
442,image-neg-5-8.png,neg
443,image-cc-25-9.png,emboss
444,image-noise02-2-10.png,rot
445,image-smooth-4-7.png,smooth
446,image-poster-31-7.png,poster
447,image-noise01-13-9.png,noise02
448,image-cc-7-2.png,neg
449,image-noise01-1-5.png,noise02
450,image-noise02-21-9.png,stipple
451,image-smooth-6-5.png,smooth
452,image-poster-26-9.png,stipple
453,image-con-34-2.png,cc
454,image-noise02-10-4.png,stipple
455,image-emboss-19-5.png,emboss
456,image-neg-12-9.png,con
457,image-poster-37-1.png,stipple
458,image-poster-11-2.png,stipple
459,image-original-34-4.png,cc
460,image-neg-38-7.png,neg
461,image-stipple-11-8.png,stipple
462,image-original-29-1.png,neg
463,image-con-25-7.png,con
464,image-con-1-3.png,con
465,image-cc-5-10.png,neg
466,image-rot-28-4.png,rot
467,image-neg-29-2.png,neg
468,image-original-10-8.png,con
469,image-cc-21-1.png,cc
470,image-cc-28-10.png,cc
471,image-original-7-3.png,emboss
472,image-smooth-11-4.png,smooth
473,image-stipple-15-1.png,stipple
474,image-stipple-20-8.png,stipple
475,image-rot-33-7.png,rot
476,image-neg-7-6.png,emboss
477,image-poster-33-8.png,stipple
478,image-smooth-35-5.png,smooth
479,image-noise02-21-4.png,stipple
480,image-rot-19-9.png,rot
481,image-jitter-38-2.png,noise02
482,image-con-7-5.png,con
483,image-rot-17-6.png,rot
484,image-noise01-14-10.png,noise02
485,image-noise01-35-6.png,noise02
486,image-con-18-6.png,con
487,image-rot-31-4.png,rot
488,image-emboss-38-10.png,emboss
489,image-con-16-9.png,con
490,image-poster-20-3.png,poster
491,image-smooth-6-9.png,smooth
492,image-smooth-39-9.png,smooth
493,image-stipple-20-9.png,stipple
494,image-noise02-40-4.png,stipple
495,image-poster-20-10.png,stipple
496,image-cc-29-9.png,rot
497,image-con-32-8.png,con
498,image-neg-14-3.png,cc
499,image-neg-12-5.png,con
500,image-emboss-19-9.png,emboss
501,image-smooth-17-3.png,smooth
502,image-jitter-16-9.png,stipple
503,image-neg-3-3.png,smooth
504,image-original-27-2.png,cc
505,image-noise02-29-10.png,noise02
506,image-smooth-33-2.png,smooth
507,image-original-3-6.png,smooth
508,image-smooth-15-1.png,smooth
509,image-original-7-10.png,emboss
510,image-smooth-15-3.png,smooth
511,image-noise02-27-1.png,stipple
512,image-noise02-12-8.png,stipple
513,image-con-25-4.png,con
514,image-noise01-15-1.png,noise02
515,image-neg-12-7.png,con
516,image-smooth-17-1.png,smooth
517,image-neg-34-4.png,cc
518,image-stipple-35-7.png,stipple
519,image-con-3-2.png,con
520,image-cc-21-2.png,cc
521,image-jitter-14-9.png,noise02
522,image-neg-32-2.png,con
523,image-smooth-37-4.png,con
524,image-stipple-15-2.png,stipple
525,image-con-5-4.png,con
526,image-emboss-11-2.png,emboss
527,image-neg-2-10.png,cc
528,image-cc-9-3.png,cc
529,image-con-9-9.png,con
530,image-original-5-2.png,neg
531,image-jitter-38-1.png,stipple
532,image-cc-38-3.png,cc
533,image-noise01-28-1.png,noise02
534,image-emboss-35-3.png,emboss
535,image-original-34-10.png,cc
536,image-jitter-25-4.png,stipple
537,image-rot-17-5.png,rot
538,image-rot-31-6.png,rot
539,image-poster-22-2.png,stipple
540,image-con-18-5.png,con
541,image-noise01-35-5.png,noise02
542,image-neg-5-6.png,con
543,image-rot-17-4.png,rot
544,image-emboss-13-1.png,emboss
545,image-smooth-35-7.png,smooth
546,image-emboss-28-7.png,emboss
547,image-cc-9-2.png,cc
548,image-noise01-37-7.png,noise02
549,image-cc-27-5.png,cc
550,image-jitter-27-7.png,emboss
551,image-jitter-8-7.png,stipple
552,image-con-5-10.png,con
553,image-emboss-11-3.png,emboss
554,image-emboss-9-4.png,emboss
555,image-original-23-5.png,con
556,image-jitter-6-8.png,noise02
557,image-noise02-40-7.png,stipple
558,image-con-21-1.png,con
559,image-smooth-37-5.png,smooth
560,image-noise02-2-8.png,noise02
561,image-noise01-17-2.png,noise02
562,image-poster-26-6.png,stipple
563,image-con-3-3.png,con
564,image-poster-28-9.png,cc
565,image-con-27-7.png,con
566,image-noise02-36-8.png,stipple
567,image-stipple-13-5.png,stipple
568,image-rot-28-6.png,rot
569,image-neg-34-5.png,cc
570,image-original-38-6.png,con
571,image-original-27-1.png,con
572,image-poster-39-1.png,stipple
573,image-poster-6-1.png,poster
574,image-neg-36-7.png,con
575,image-neg-31-10.png,cc
576,image-noise01-9-3.png,noise02
577,image-jitter-2-8.png,noise02
578,image-poster-39-5.png,stipple
579,image-jitter-18-1.png,jitter
580,image-neg-25-9.png,smooth
581,image-jitter-40-4.png,noise02
582,image-original-36-10.png,neg
583,image-con-38-4.png,con
584,image-smooth-31-7.png,smooth
585,image-poster-4-7.png,stipple
586,image-noise02-38-3.png,stipple
587,image-original-25-7.png,con
588,image-emboss-17-1.png,emboss
589,image-rot-23-10.png,rot
590,image-stipple-33-4.png,stipple
591,image-stipple-7-6.png,stipple
592,image-rot-15-2.png,rot
593,image-jitter-27-3.png,stipple
594,image-jitter-34-9.png,noise02
595,image-poster-20-4.png,stipple
596,image-con-5-1.png,con
597,image-noise01-28-4.png,noise02
598,image-emboss-28-3.png,emboss
599,image-neg-16-6.png,emboss
600,image-cc-25-3.png,emboss
601,image-cc-7-9.png,emboss
602,image-smooth-28-6.png,smooth
603,image-original-21-3.png,neg
604,image-con-7-2.png,con
605,image-neg-18-8.png,con
606,image-neg-16-7.png,con
607,image-smooth-13-1.png,smooth
608,image-original-40-3.png,smooth
609,image-cc-12-9.png,con
610,image-rot-3-5.png,rot
611,image-noise01-11-1.png,noise02
612,image-original-18-6.png,con
613,image-jitter-7-10.png,stipple
614,image-noise01-6-10.png,noise02
615,image-poster-35-9.png,stipple
616,image-poster-26-3.png,stipple
617,image-rot-35-6.png,rot
618,image-poster-4-6.png,stipple
619,image-neg-21-10.png,neg
620,image-original-38-3.png,neg
621,image-original-1-2.png,con
622,image-con-34-8.png,cc
623,image-noise02-25-7.png,stipple
624,image-noise01-7-9.png,noise02
625,image-emboss-33-1.png,emboss
626,image-noise02-8-6.png,stipple
627,image-rot-11-7.png,rot
628,image-rot-7-1.png,rot
629,image-noise01-33-6.png,noise02
630,image-cc-23-4.png,rot
631,image-rot-37-4.png,rot
632,image-poster-6-4.png,poster
633,image-noise01-9-6.png,noise02
634,image-poster-39-4.png,stipple
635,image-noise02-27-7.png,rot
636,image-smooth-33-6.png,smooth
637,image-cc-23-6.png,rot
638,image-jitter-40-7.png,stipple
639,image-smooth-2-9.png,smooth
640,image-emboss-33-3.png,emboss
641,image-con-1-6.png,con
642,image-poster-4-4.png,stipple
643,image-jitter-21-6.png,emboss
644,image-neg-1-5.png,con
645,image-noise01-31-6.png,noise02
646,image-cc-26-10.png,con
647,image-neg-29-7.png,neg
648,image-smooth-8-2.png,smooth
649,image-neg-32-4.png,con
650,image-rot-3-7.png,rot
651,image-neg-7-3.png,emboss
652,image-smooth-6-10.png,smooth
653,image-original-9-9.png,con
654,image-emboss-37-7.png,emboss
655,image-stipple-31-5.png,stipple
656,image-stipple-17-6.png,stipple
657,image-poster-22-5.png,stipple
658,image-cc-10-9.png,neg
659,image-smooth-28-5.png,smooth
660,image-emboss-35-5.png,emboss
661,image-smooth-30-10.png,smooth
662,image-cc-34-10.png,cc
663,image-emboss-35-4.png,emboss
664,image-smooth-35-1.png,smooth
665,image-original-5-10.png,smooth
666,image-smooth-18-10.png,smooth
667,image-noise02-14-9.png,noise02
668,image-noise01-28-6.png,noise02
669,image-neg-7-2.png,con
670,image-jitter-30-10.png,stipple
671,image-original-7-7.png,con
672,image-con-21-7.png,con
673,image-smooth-8-3.png,smooth
674,image-stipple-33-6.png,stipple
675,image-con-3-5.png,smooth
676,image-con-11-10.png,con
677,image-noise01-5-8.png,noise02
678,image-neg-1-4.png,con
679,image-noise02-4-8.png,noise02
680,image-con-12-8.png,con
681,image-noise02-39-10.png,rot
682,image-neg-3-6.png,smooth
683,image-jitter-23-5.png,noise02
684,image-poster-6-7.png,stipple
685,image-original-9-10.png,con
686,image-poster-39-7.png,stipple
687,image-stipple-11-1.png,stipple
688,image-stipple-24-8.png,stipple
689,image-smooth-12-5.png,smooth
690,image-poster-1-6.png,con
691,image-con-22-2.png,rot
692,image-cc-39-3.png,emboss
693,image-smooth-29-3.png,smooth
694,image-rot-16-5.png,rot
695,image-noise01-34-4.png,noise02
696,image-poster-23-3.png,stipple
697,image-neg-20-8.png,neg
698,image-con-15-9.png,con
699,image-noise01-10-5.png,noise02
700,image-rot-14-7.png,rot
701,image-poster-9-10.png,con
702,image-neg-35-4.png,con
703,image-con-2-2.png,cc
704,image-emboss-16-4.png,emboss
705,image-emboss-30-7.png,emboss
706,image-noise02-39-6.png,stipple
707,image-rot-4-7.png,rot
708,image-jitter-15-9.png,noise02
709,image-neg-11-5.png,con
710,image-noise02-26-1.png,stipple
711,image-cc-19-6.png,emboss
712,image-rot-6-5.png,rot
713,image-noise01-32-2.png,noise02
714,image-poster-25-5.png,stipple
715,image-jitter-22-3.png,noise02
716,image-cc-22-1.png,neg
717,image-jitter-31-9.png,noise02
718,image-poster-25-4.png,stipple
719,image-noise02-13-9.png,stipple
720,image-poster-38-1.png,stipple
721,image-cc-33-9.png,neg
722,image-poster-27-6.png,poster
723,image-noise01-30-1.png,noise02
724,image-original-24-3.png,emboss
725,image-noise02-37-8.png,noise02
726,image-poster-29-9.png,stipple
727,image-noise02-24-2.png,stipple
728,image-neg-35-5.png,con
729,image-jitter-9-7.png,stipple
730,image-stipple-19-10.png,stipple
731,image-con-4-5.png,con
732,image-jitter-28-8.png,stipple
733,image-con-15-8.png,con
734,image-rot-35-10.png,rot
735,image-con-20-1.png,con
736,image-noise02-3-8.png,stipple
737,image-smooth-10-6.png,smooth
738,image-poster-23-2.png,con
739,image-con-6-7.png,con
740,image-emboss-12-1.png,emboss
741,image-emboss-34-2.png,emboss
742,image-stipple-16-1.png,stipple
743,image-con-8-8.png,con
744,image-smooth-34-5.png,smooth
745,image-rot-18-9.png,rot
746,image-poster-26-10.png,stipple
747,image-stipple-16-3.png,stipple
748,image-con-15-10.png,con
749,image-cc-24-5.png,emboss
750,image-noise01-12-4.png,noise02
751,image-jitter-24-7.png,stipple
752,image-original-6-3.png,neg
753,image-smooth-10-4.png,smooth
754,image-smooth-9-7.png,smooth
755,image-smooth-7-8.png,smooth
756,image-noise01-10-6.png,noise02
757,image-neg-6-6.png,con
758,image-poster-5-1.png,stipple
759,image-smooth-40-8.png,smooth
760,image-smooth-30-1.png,smooth
761,image-cc-18-10.png,emboss
762,image-con-2-1.png,cc
763,image-original-11-8.png,con
764,image-noise02-39-5.png,noise02
765,image-poster-27-4.png,poster
766,image-poster-7-3.png,stipple
767,image-smooth-21-9.png,smooth
768,image-jitter-34-10.png,noise02
769,image-emboss-32-6.png,emboss
770,image-cc-31-9.png,cc
771,image-jitter-17-8.png,stipple
772,image-rot-25-9.png,rot
773,image-rot-6-6.png,rot
774,image-noise02-19-10.png,noise02
775,image-stipple-38-8.png,stipple
776,image-cc-31-8.png,cc
777,image-con-24-6.png,con
778,image-smooth-32-2.png,smooth
779,image-smooth-14-1.png,smooth
780,image-con-31-10.png,rot
781,image-poster-27-5.png,poster
782,image-jitter-33-8.png,noise02
783,image-jitter-20-2.png,stipple
784,image-emboss-16-6.png,emboss
785,image-original-11-9.png,smooth
786,image-emboss-30-5.png,emboss
787,image-smooth-7-9.png,smooth
788,image-original-22-6.png,smooth
789,image-con-20-2.png,con
790,image-original-6-2.png,neg
791,image-jitter-24-6.png,emboss
792,image-jitter-10-10.png,jitter
793,image-con-6-4.png,con
794,image-emboss-12-2.png,emboss
795,image-jitter-5-9.png,noise02
796,image-noise01-29-7.png,noise02
797,image-con-22-4.png,neg
798,image-stipple-4-7.png,stipple
799,image-stipple-18-9.png,stipple
800,image-smooth-9-2.png,smooth
801,image-noise02-31-9.png,noise02
802,image-poster-21-7.png,stipple
803,image-emboss-30-10.png,emboss
804,image-noise02-19-5.png,stipple
805,image-rot-21-8.png,rot
806,image-cc-35-8.png,neg
807,image-emboss-10-4.png,emboss
808,image-cc-4-8.png,cc
809,image-original-31-8.png,cc
810,image-smooth-30-4.png,smooth
811,image-neg-28-7.png,cc
812,image-emboss-30-1.png,emboss
813,image-smooth-18-8.png,smooth
814,image-noise02-26-7.png,noise02
815,image-emboss-2-8.png,emboss
816,image-original-2-2.png,cc
817,image-con-39-7.png,con
818,image-jitter-22-4.png,rot
819,image-smooth-24-10.png,smooth
820,image-emboss-32-2.png,emboss
821,image-smooth-3-8.png,smooth
822,image-poster-25-2.png,stipple
823,image-jitter-22-5.png,stipple
824,image-noise01-26-10.png,noise02
825,image-jitter-19-3.png,stipple
826,image-poster-12-9.png,con
827,image-cc-20-5.png,cc
828,image-con-21-10.png,con
829,image-con-13-8.png,con
830,image-smooth-36-10.png,smooth
831,image-neg-33-5.png,neg
832,image-smooth-25-9.png,smooth
833,image-original-6-7.png,neg
834,image-stipple-14-5.png,stipple
835,image-smooth-9-3.png,smooth
836,image-noise01-34-10.png,noise02
837,image-emboss-34-4.png,emboss
838,image-noise01-34-3.png,noise02
839,image-cc-24-1.png,emboss
840,image-jitter-37-9.png,stipple
841,image-smooth-28-10.png,smooth
842,image-neg-17-4.png,smooth
843,image-poster-18-2.png,con
844,image-cc-37-9.png,cc
845,image-stipple-14-7.png,stipple
846,image-smooth-10-2.png,smooth
847,image-original-19-7.png,con
848,image-neg-15-4.png,con
849,image-original-6-5.png,neg
850,image-stipple-27-8.png,stipple
851,image-smooth-30-7.png,smooth
852,image-noise02-39-3.png,stipple
853,image-poster-34-8.png,stipple
854,image-noise01-16-6.png,noise02
855,image-emboss-16-1.png,emboss
856,image-emboss-30-2.png,emboss
857,image-stipple-10-3.png,stipple
858,image-neg-27-10.png,cc
859,image-noise02-7-8.png,stipple
860,image-noise01-14-4.png,noise02
861,image-con-1-10.png,con
862,image-rot-10-6.png,rot
863,image-noise01-6-9.png,noise02
864,image-emboss-14-2.png,emboss
865,image-cc-19-2.png,cc
866,image-jitter-3-9.png,emboss
867,image-noise02-26-5.png,stipple
868,image-neg-11-10.png,con
869,image-rot-12-5.png,rot
870,image-poster-34-9.png,stipple
871,image-stipple-29-6.png,stipple
872,image-smooth-1-9.png,smooth
873,image-smooth-16-5.png,smooth
874,image-noise01-36-2.png,noise02
875,image-jitter-26-2.png,noise02
876,image-noise02-19-7.png,noise02
877,image-noise01-25-8.png,noise02
878,image-neg-33-6.png,neg
879,image-noise02-22-1.png,stipple
880,image-original-33-8.png,neg
881,image-poster-23-7.png,con
882,image-poster-40-4.png,stipple
883,image-rot-16-1.png,rot
884,image-neg-31-4.png,cc
885,image-rot-25-10.png,rot
886,image-noise02-20-3.png,noise02
887,image-jitter-39-5.png,noise02
